station,latitude,longitude,height_m,x_m,y_m,z_m
01KR,45.1502000137,39.6159089924,63.7714353893,3470994.218,2873079.87,4499181.314
02IG,54.8160859222,56.4159824553,145.952488247,2037523.023,3068575.3809,5189732.71
02KR,53.3867645327,58.8412636354,434.295615545,1972616.419,3262477.141,5096679.8
02ME,52.9580459508,55.930199619,173.655067894,2157066.326,3189593.695,5067870.939
02RA,54.0694429397,54.9456990554,113.878637175,2154411.177,3070620.144,5141375.474
02SA,53.5144014858,58.8288874931,429.082321719,1967412.403,3252283.471,5105135.677
02TA,56.2932134791,55.8526557852,175.200172067,1991476.999,2936170.179,5282775.012
02UF,54.7363381986,55.9841859851,203.464872377,2064666.18,3059171.827,5184659.281
07N2,43.4807147209,43.5723779551,551.669376781,3358633.035,3195296.892,4366786.911
10PE,61.8178740742,34.1741382164,100.026878884,2498674.565,1696449.255,5599046.135
11VO,67.5049447445,63.9167331016,222.103015725,1076059.1618,2198134.6974,5870393.5308
12IO,56.6764191072,47.9017609326,101.476605167,2354598.785,2606047.118,5306274.691
12KR,56.1573969169,48.3103100511,91.3504339466,2367975.146,2658720.113,5274298.044
12SE,56.9244409306,49.1350358459,195.373152812,2282875.851,2638682.634,5321476.461
13KR,54.3969541922,43.8321488498,137.481357532,2684555.724,2577289.479,5162702.548
13SA,54.2340768444,45.1548072359,189.100712519,2634755.812,2649032.092,5152168.582
14YA,62.0292869534,129.720184349,110.224600064,-1916712.44,2307037.128,5610144.155
15BE,43.1719400933,44.5635533617,531.822946227,3319618.356,3269425.797,4341816.073
16A2,54.8833286904,52.254625808,146.404249536,2251077.608,2907791.959,5194042.763
16AK,55.7150353281,54.0835924048,106.798796991,2112457.065,2916486.281,5246723.209
16AR,56.0774456406,49.9029298872,124.547801569,2297938.928,2729173.445,5269362.669
16AZ,54.8563969637,53.0687083494,214.992840995,2211033.683,2941473.232,5192373.613
16B3,54.915530778,49.9224030676,137.162250686,2365650.136,2811530.331,5196096.55
16BK,55.4002331298,48.1958163197,118.955249012,2419759.303,2705955.826,5226910.504
16BU,54.5357341566,52.7370777211,350.706706136,2245708.253,2951874.271,5171854.554
16C2,55.4451443079,49.7061616774,89.4383046385,2344923.292,2765641.521,5229723.847
16C3,54.6843961977,51.5119563324,207.611958558,2299860.268,2892559.393,5181322.188
16K2,55.8134668591,49.0488865076,75.3894854635,2354305.11,2712989.865,5252862.925
16KU,56.1841211328,50.9003138629,122.88522032,2243864.207,2761105.191,5275980.846
16MA,55.6549498054,51.3965737979,177.781632274,2250332.186,2818596.738,5243010.493
16MU,55.2930967834,53.1982490954,88.908121746,2180455.884,2914489.851,5220103.597
16N2,54.4453020461,50.7616594122,135.359810327,2351231.201,2878958.77,5165832.108
16NA,55.6212441531,52.1728617836,140.626437263,2213825.24,2851256.665,5240861.718
16TU,55.8957345664,50.254548853,109.12262232,2291864.397,2756112.468,5258032.165
16VT,55.6506925345,52.703425506,121.457297366,2185681.309,2869472.704,5242696.558
16ZA,55.2998173472,52.0170945442,88.5794474268,2239691.966,2868438.611,5220529.302
17KZ,51.6992413713,94.4275820702,611.906096552,-305835.823,3949832.575,4982612.089
18MO,56.4280509263,52.2244711117,213.170255308,2165646.36,2794398.055,5291124.047
1ELD,60.0452926113,93.2715125799,718.201936338,-182222.2458,3187888.3497,5503620.7566
21CH,56.1434873887,47.2542984806,100.5676571,2417449.2629,2615575.52,5273443.0101
21IB,55.3005208322,47.0352063706,207.079296391,2480330.538,2663107.757,5220671.312
21YA,55.9462527806,46.2004726381,89.8747424651,2477749.1121,2583815.5491,5261168.001
23A2,44.9346403946,37.3854129998,55.4065777725,3593648.487,2746102.294,4482248.553
23A3,44.8537302175,37.3536550374,171.202755204,3600279.986,2748010.279,4475960.47
23EY,46.6754985994,38.2720796977,43.2923733732,3441807.201,2715453.308,4617119.25
23G2,44.5821767434,37.9872873414,94.0985742509,3586362.066,2800691.9,4454462.845
23GK,44.6233778112,39.1333068996,132.405808231,3527156.87,2869848.803,4457749.606
23K2,46.0589132821,38.9692455336,39.3503879178,3447078.405,2788326.788,4569822.3
23K3,46.5211354706,39.7706604604,63.6837024959,3379208.314,2812519.888,4605343.547
23KR,45.0545190908,38.958375672,67.4921404598,3509596.028,2837795.713,4491678.381
23KU,44.8859314709,40.5913219227,190.12247371,3437424.612,2945326.228,4478510.014
23LA,43.9160022568,39.347569989,72.4767323127,3558796.766,2917778.893,4401423.456
23M2,44.4135287481,40.790556835,408.197675277,3455212.127,2981465.48,4441315.309
23N2,45.0967314499,41.04055084,177.479637968,3401726.967,2961305.592,4495069.116
23PR,46.0454198339,38.1968037985,30.2753753252,3485198.947,2742266.334,4568774.875
23RA,45.1857558616,37.3075690233,25.594604685,3581647.002,2729231.651,4501940.189
23S3,43.5873654237,39.7282835905,74.0553028341,3558751.527,2957501.261,4375048.638
23SL,45.2720048998,38.1180913243,28.0728844944,3537329.086,2775424.364,4508692.744
23ST,46.5403314201,39.0222857984,44.9425832676,3414441.873,2767160.178,4606797.976
23T2,45.6133426163,38.9380780163,43.6071203798,3476230.354,2808780.769,4535320.97
23T3,45.2109697984,36.6924258836,54.8310766714,3609163.992,2689445.822,4503935.506
23TB,45.3646513991,40.1948252032,122.558365129,3428888.598,2897104.718,4516000.205
23TI,45.8378599814,40.1400063896,97.7562411847,3402918.024,2869586.366,4552780.334
23TU,44.1091384983,39.0704903894,89.0044547943,3561298.223,2891144.226,4416868.78
23VI,45.1981148957,37.0186679783,33.719886628,3594589.454,2710554.121,4502913.93
24A2,56.2676839545,90.5000071271,186.778208541,-30981.369,3550062.647,5281206.571
24K2,56.048054262,92.7412797302,196.157956145,-170763.83,3566429.215,5267595.035
24KR,56.0490018413,92.9190246192,186.140128746,-181822.145,3565789.3101,5267645.651
24MI,53.6898586888,91.6874387828,248.537238795,-111464.183,3783592.459,5116578.641
24NO,69.3492132397,88.1997008396,74.9419214297,70875.503,2254920.059,5945892.436
25US,43.7941698152,131.95532208,57.3205180923,-3082938.895,3429324.422,4391651.596
25VL,43.1170134667,131.888502549,77.7800427098,-3113496.656,3471449.894,4337053.079
25VO,43.371987803,131.989985839,66.0627835551,-3106651.1809,3451498.6421,4357679.703
26PG,44.0429342531,43.0263212597,553.034220226,3357345.584,3133660.177,4411906.477
27HA,48.468970688,135.085489043,127.600245113,-3000412.593,2991472.303,4751706.11
28BL,50.2676978005,127.554317011,168.488916233,-2489933.03,3238582.24,4882005.199
29A2,64.4126514497,40.5911103016,64.2762569729,2097531.189,1797237.217,5729790.053
29AR,64.5376870802,40.5357908418,33.4691092949,2089695.228,1787027.108,5735768.882
29KO,61.3139141278,47.1802477921,89.6971766055,2086343.608,2251488.7,5572296.036
29KR,61.5590364557,45.9284077944,76.4774371879,2118342.2791,2188129.477,5585345.039
29UR,61.7560222647,48.5425386884,119.296728156,2003560.434,2268003.89,5595804.433
31GU,51.2585831752,37.6477717557,255.880047833,3166959.0072,2443095.9862,4951797.7102
31YA,50.8607675478,36.4201734421,254.975526939,3246273.221,2395123.762,4923980.107
33GU,55.5927898415,40.6484529701,143.973224863,2740818.09,2353188.673,5239074.972
33KO,56.2391233529,41.3264183467,138.137840774,2668021.1301,2346094.3691,5279399.458
33MU,55.5784829166,42.0503181764,132.451952258,2683398.587,2420413.494,5238165.21
33SU,55.9515769687,40.8666692959,121.443524132,2706848.859,2341991.223,5261526.09
33VL,56.0274938309,40.3791642444,121.412570713,2721339.956,2314335.948,5266254.128
33VY,56.2418120099,42.1237361091,157.238341713,2634939.296,2382833.892,5279581.705
34VO,48.7491131891,44.5500267822,59.0733546941,3002694.234,2955897.388,4772252.778
35CH,59.1164065223,37.8967697091,139.271030203,2589920.539,2015963.632,5450723.053
35NI,58.5366955174,36.3933904427,216.818445927,2686427.877,1980127.136,5417362.501
35VO,59.2329716962,39.9375102713,135.109076389,2507937.592,2099752.6,5457373.498
36AN,51.483012775,40.4311557328,170.574053689,3029697.224,2581316.498,4967319.172
36BU,50.8350132029,40.5872642649,136.400809155,3065279.232,2626080.386,4922079.16
36KA,49.7000934939,39.8585037655,140.079630516,3172959.575,2649103.795,4841387.336
36NI,51.5472254174,38.3650063466,177.948930018,3116411.223,2466939.545,4971770.946
36NO,51.0910899392,41.6065672247,173.881797947,3001550.059,2665516.135,4940050.993
36NV,51.3123877309,39.2061946293,121.901662632,3095660.293,2525316.297,4955437.141
36OL,50.2781590363,39.3036061957,109.659777611,3160343.356,2587043.25,4882703.694
36PA,50.454703941,40.1266783396,107.735073007,3111289.483,2622425.948,4895229.124
36PE,51.2535339458,42.4568864557,116.918384183,2951248.643,2700238.543,4951337.755
36PT,50.0880166547,40.88652268,99.3858177736,3099950.665,2683985.438,4869152.452
36RE,51.0786276001,38.6411998182,133.385072385,3136247.018,2507327.568,4939148.548
36TE,51.6851213013,41.5928437393,185.164589725,2963570.966,2630519.574,4981303.314
36V4,51.9181868496,39.3052347532,170.645044856,3050431.841,2497214.973,4997328.137
37IV,56.9562770685,40.9783679962,153.732906342,2631898.646,2286130.61,5323375.582
37KI,57.4148521189,42.1583051681,145.018585902,2552443.778,2311032.311,5351043.806
38I2,52.2394904658,104.297582157,468.559007074,-966646.994,3792975.975,5019535.999
39K2,54.7112740429,20.4363071243,58.8331528595,3460481.167,1289438.117,5182929.838
39KA,54.7385349445,20.5089998305,80.0557986433,3456533.472,1292963.784,5184699.697
40K2,54.5154607428,36.2681467152,229.633015277,2991842.82,2195167.274,5170446.226
40KH,53.4691497208,35.0955250989,212.800174658,3113214.073,2187640.268,5101965.387
40KI,54.05808744,34.2840152281,224.769404877,3100205.095,2113549.379,5140723.454
40MA,55.0034673741,36.4674940124,228.324747566,2948504.253,2179190.743,5201791.955
40MO,54.4892546155,34.9801885961,243.183420044,3042380.625,2128730.476,5168763.314
40SU,54.1014072884,35.3398994239,242.409306413,3057554.01,2168067.112,5143566.582
41PT,53.0356276882,158.670503743,73.4037011499,-3580288.758,1398020.017,5072987.296
42BA,55.7265958642,86.0113316379,217.366626632,250424.219,3591440.397,5247539.525
42BE,53.7720977359,86.8767411081,243.235178357,205833.022,3772239.301,5121989.403
42K2,54.350666523,86.7940977695,211.251674122,208356.851,3719859.894,5159761.201
42K3,54.0301752486,86.6397930387,279.745778522,220072.217,3748206.547,5138943.695
42KA,54.4195776202,86.8177367907,310.608944564,206479.129,3713776.826,5164309.033
42KE,55.3647104384,86.0733727237,109.341501695,248806.076,3624793.498,5224655.87
42KR,54.2147278572,87.1021473657,239.731268075,188976.135,3733212.945,5150950.526
42ME,53.7906462643,88.1465005055,307.626711573,122138.265,3774247.477,5123261.233
42NE,54.0033998363,87.1378282449,178.859492075,187601.038,3752327.327,5137110.958
42NO,53.7854417581,87.2536820483,204.724465702,180953.209,3772292.235,5122835.978
42PR,53.9528938249,86.6848515967,335.338945812,217528.775,3755358.029,5133931.385
42SC,56.1778359644,85.9681029715,166.483242896,250204.757,3549695.251,5275627.557
43KI,58.5774144961,49.6832179859,160.158711413,2156776.079,2541673.499,5419680.214
43KO,58.3044734562,48.3326195073,145.11753115,2233301.788,2509477.963,5403755.507
43KR,57.8635169744,49.9228161972,173.393049449,2189652.296,2602398.325,5377813.904
44K2,57.7057561893,40.9461473059,135.106310509,2580104.56,2238596.575,5368414.439
44VA,58.0243928767,41.2538660382,180.340743368,2545469.645,2232620.835,5387329.91
47SL,59.113837304,28.095647843,72.1945328349,2895480.887,1545760.178,5450518.573
48C3,53.2385791878,39.9704301462,160.178116457,2931800.592,2457495.495,5086606.498
48EL,52.6204568911,38.5006043152,178.029364111,3036834.609,2415659.618,5045154.827
48LI,52.581535614,39.5255814578,228.47719928,2995814.419,2471806.153,5042564.268
48ST,52.1492892398,39.883447828,168.248400104,3009518.121,2514870.847,5013146.026
50BR,55.4201773086,38.2537864363,166.140120512,2849195.062,2246429.602,5228209.895
50DM,56.3463727542,37.5163857252,165.821136359,2810151.454,2157582.18,5286049.806
50GZ,55.609991034,38.3967026066,154.143728079,2829925.35,2242706.032,5240165.312
50K2,56.3289256286,36.7510163777,199.040057528,2840031.681,2120830.717,5285000.589
50MO,55.5079943511,36.0256371969,225.849864353,2927892.804,2129240.939,5233801.971
50NF,55.3886406852,36.725545245,207.229241218,2910428.438,2171385.717,5226250.182
50OD,55.6855324139,37.2551518235,241.168213054,2868556.24,2181707.954,5244983.134
50PA,55.7796676782,38.6551116753,163.533291501,2807599.377,2245702.095,5250820.401
50PO,55.3792445659,37.5192103302,195.177191465,2880749.404,2212011.72,5225645.996
50S2,54.4713627744,38.7217673522,156.901687688,2898208.068,2323710.821,5167535.96
50SC,55.9248287121,37.995241298,175.73540994,2822740.446,2204989.014,5259902.995
50SE,54.922103577,37.4356392778,214.463047102,2917145.231,2233202.519,5196580.353
50SH,55.6109260162,39.5823557282,146.259122116,2782843.574,2300725.31,5240217.602
50SP,56.3190575425,38.1335216948,262.045159527,2788782.573,2189320.821,5284443.725
50ST,54.9026740511,38.080660374,215.37412083,2893213.693,2266992.744,5195337.742
50V2,56.0336957136,35.9587528418,199.335412302,2891192.259,2097395.751,5266704.597
50V3,55.3318634124,38.6739467627,140.829954846,2838950.625,2272309.628,5222602.493
51KA,67.1556093312,32.399966263,48.6351545276,2096695.206,1330601.507,5855217.213
51M2,68.9671962701,33.0908189841,88.486524622,1923489.904,1253468.14,5930743.186
51MO,67.9400021951,32.8997426469,173.041771864,2017163.537,1304948.763,5888743.314
52AR,55.3967587375,43.833521531,186.004372515,2618829.229,2514309.776,5226746.034
52G2,56.659911812,43.4678780268,124.946023731,2550145.908,2417282.36,5305284.241
52MA,55.6845974151,44.2080543156,208.581604875,2583406.11,2512959.356,5244897.532
52NN,56.3329285537,43.9542882754,104.764345265,2551381.448,2459909.653,5285169.237
52S2,57.1491720757,43.1784265904,107.377589929,2529032.908,2373128.634,5335019.694
52SE,56.7892086129,44.4974433312,126.856551799,2497714.32,2454277.952,5313185.574
52SL,55.3257363264,43.5496868875,148.739629114,2635952.328,2505773.363,5222220.951
52SO,55.7944380376,43.1456782187,143.206214536,2622152.977,2457691.366,5251728.268
52VI,55.3574641632,42.133464219,128.789035783,2694914.779,2437902.933,5224213.315
52VO,56.2227222226,43.1801612394,95.5252173673,2591822.491,2432195.067,5278348.928
53V2,58.5098888507,31.2418029919,54.0957069378,2855478.771,1732188.158,5415664.591
54EV,54.4925315165,83.3531276396,168.499599532,429758.266,3687865.773,5168914.394
54N2,55.0410650574,82.9121402131,148.272093441,451973.714,3634941.022,5204125.817
54SE,54.6805317099,83.6491474759,154.819764196,408811.619,3673077.602,5181030.411
54VO,54.6579848891,83.6265496053,151.349638674,410487.36,3674949.085,5179576.108
55OM,54.988953961,73.4141384854,85.4649608657,1046937.5267,3515050.0376,5200748.1083
57BO,53.4448013668,36.0051895502,221.800208854,3079856.398,2238072.89,5100359.049
57GL,52.4983904497,36.3243586597,274.027275373,3135111.869,2305021.325,5036972.946
57KR,52.6873297911,35.7726543595,200.025486964,3143574.239,2264937.273,5049686.732
57LI,52.420758944,37.6063922806,195.566556117,3088143.69,2378739.705,5031646.902
57OR,52.9680592773,36.0639855044,203.524977731,3111895.689,2266238.559,5068566.002
58KU,53.1182634706,46.5876828766,275.106306109,2636490.591,2786810.329,5078673.328
58PE,53.1942692241,45.012990266,195.690490277,2707257.466,2708485.339,5083682.042
59C3,56.5239936341,56.1369281585,147.181257677,1964948.273,2928226.552,5296969.417
59CH,56.7586433313,54.1185628153,114.429197982,2054058.697,2839507.138,5311310.149
59GO,58.385952745,58.3276488616,320.179682757,1759846.532,2852512.377,5408667.503
59GU,58.8917307443,57.5725020611,342.404643228,1771496.432,2788472.741,5438007.954
59KI,57.3696997999,57.2489107228,135.118884919,1865043.851,2899414.2631,5348325.6419
59PE,57.9994886332,56.1648250353,160.629969698,1886567.208,2814381.29,5385843.763
59SO,59.6934858176,56.7084377138,169.590070238,1771144.599,2697175.474,5483470.202
60DN,57.8315334868,29.9638306856,104.557796923,2949038.617,1700146.943,5375859.895
60KR,56.8296243209,28.2875401135,122.15351726,3080229.017,1657668.498,5315645.403
60NE,56.0239270149,29.9160941768,182.24783479,3096692.307,1781834.71,5266082.644
60PS,57.8251190691,28.3391541256,74.0197738884,2996573.8591,1616131.2131,5375453.6509
60V2,56.3375166323,30.5008262128,135.748531752,3053329.45,1798607.803,5285478.224
61KP,46.0991617357,41.5057762075,61.7121656546,3317898.177,2936024.704,4572941.704
61KS,47.8923392893,40.0589662445,140.033325635,3279434.549,2757528.671,4708961.893
61PE,46.1812425497,41.0760975383,95.6508726031,3334881.3941,2906753.3829,4579287.97
61RO,47.2298093577,39.7684527372,120.216681673,3335148.922,2775631.668,4659239.632
63SA,53.2180877385,50.2489034782,95.702781735,2447397.7709,2942561.422,5085189.651
64KK,50.9749591145,46.9944132296,52.7599742655,2744804.157,2942866.736,4931832.006
64SA,51.5302711365,46.0178515654,87.9303625468,2761116.906,2861003.604,4970527.178
65UG,46.9716956538,142.700430117,71.2302332595,-3468313.698,2642105.852,4639670.308
66BA,56.7445299115,61.7439633075,209.197963027,1659750.418,3088165.329,5310527.718
66E2,56.8235160774,60.616573926,289.194539827,1716600.879,3048537.367,5315413.022
66MI,56.436695251,59.094166111,263.133710822,1815458.079,3032708.603,5291697.908
66NI,57.9208448517,60.0850744231,265.006046842,1693470.3201,2943260.6309,5381285.3047
66PO,56.4880411952,60.2433032269,343.295871947,1751928.974,3064408.53,5294923.64
66SE,60.2895629499,59.9752091508,215.379002795,1585803.0759,2743948.96,5516724.321
67SM,54.7833476806,32.0556923214,272.36206183,3124412.638,1956575.064,5187735.162
69K2,56.8739986812,37.3558403239,149.588080917,2777184.944,2119928.546,5318370.422
69SA,58.4633358761,36.4140937882,187.251328263,2691306.745,1985224.504,5413067.682
69TV,56.7862230833,35.8753010017,162.118618186,2837666.562,2052264.353,5313032.971
70T3,56.3797821118,84.9618440459,113.819538239,310859.537,3526093.793,5288067.213
70TO,56.4756772094,84.9504525644,80.9827276329,310775.913,3517151.534,5293944.686
71EF,53.140314706,38.1124432542,215.47001032,3016851.968,2366572.29,5080098.136
71P2,53.7056432185,37.2888924954,208.893099818,3010352.736,2292352.098,5117586.838
74P2,54.3050306098,60.4102057342,388.371044563,1841786.281,3243475.251,5156942.69
75CH,52.0202896043,113.478994041,651.503283467,-1567189.5839,3607905.9507,5004706.4657
76UG,57.5361684783,38.346543014,150.075615138,2691499.5319,2129170.5769,5358312.4561
76YA,57.5586505759,39.8930382693,131.518540356,2631428.054,2199672.161,5359640.382
78S2,59.9621193254,30.3187479095,45.7948179673,2763012.165,1615786.991,5498405.39
86N2,60.9275306764,76.6228002286,56.3490802273,718888.316,3022912.767,5551472.482
87AN,64.7336949721,177.512536805,58.6700194627,-2727291.1136,118478.2152,5745152.6591
ABMF,16.2623051649,298.472463424,-25.553885269,2919785.712,-5383745.067,1774604.692
ABPO,-19.0183044865,47.2292136138,1552.96779821,4097216.5539,4429119.1897,-2065771.1988
AC23,60.4750874007,209.122049844,80.2717239736,-2752835.8544,-1533596.6859,5526822.8676
AC24,58.6815689541,203.347241916,36.8199835336,-3051339.1843,-1317097.875,5425614.4596
ACRG,5.64147113121,359.792888238,83.3909880202,6347491.377,-22944.8986,622822.4766
ACSO,40.2323633089,277.018468309,248.983291494,595828.2436,-4839734.3502,4097877.3354
ADIS,9.03513572989,38.7663039766,2439.14887759,4913652.7609,3945922.6696,995383.3331
ADLR,43.4600752482,39.9223665146,50.0035784105,3556168.7414,2975778.108,4364777.5362
AFSV,58.873367834,53.265310957,235.145535096,1976932.6364,2648910.0968,5436858.9776
AGGO,-34.8737126909,301.860132518,41.5057572117,2765120.6553,-4449249.8563,-3626405.277
AIRA,31.8240611132,130.599593437,314.653795955,-3530185.5598,4118797.3133,3344036.9115
AJAC,41.9274545722,8.76261086565,98.7711827746,4696989.688,723994.197,4239678.304
AKSY,47.2623204578,39.8784003479,99.7218303001,3327769.084,2780315.9423,4661678.2939
AKYA,51.8622722162,58.2178752627,338.873193039,2078971.2222,3355374.2696,4993620.7156
AL2H,48.3897817131,236.51253034,31.7441763422,-2341332.884,-3539049.509,4745791.36
ALAP,57.8516416189,61.6951018302,140.78601123,1613170.4451,2995369.1549,5377082.61
ALAT,54.8412014928,46.5873456795,169.451969265,2529868.2198,2674077.3506,5191362.4492
ALB4,48.3897400152,236.512313219,30.8876236305,-2341347.8941,-3539043.0535,4745787.6405
ALBH,48.3897817223,236.512530392,31.743264582,-2341332.88,-3539049.51,4745791.36
ALG3,45.9548064291,281.927267668,207.285109407,918043.22,-4346175.16,4561905.63
ALGA,50.1385186579,48.5618473773,17.6324409125,2710818.828,3070695.9849,4872692.0361
ALGO,45.955800398,281.928632409,200.829394547,918129.4,-4346071.2,4561977.8
ALIC,-23.6701101252,133.885521633,603.241010211,-4052052.7351,4212835.9833,-2545104.5854
ALKA,50.6305348753,38.683910811,131.254659981,3164554.5248,2533827.572,4907677.5555
ALMT,54.9244730483,52.378620288,146.753065211,2242491.9855,2909688.5531,5196676.5286
ALSV,50.28958179,42.1846423525,84.5428932561,3025581.7605,2741952.613,4883496.2825
ALXN,44.7158296949,43.0148897559,306.122061189,3319601.7851,3097191.9931,4465178.3878
AMC4,38.8031242216,255.475405755,1911.48484356,-1248596.252,-4819428.284,3976506.034
ANK2,39.8428061458,32.7753474406,1296.0553682,4124040.8447,2655252.2445,4065430.2317
ANMG,2.78464843021,101.506602337,15.0021764226,-1270826.87,6242631.446,307792.4399
ANTF,-23.7015253006,289.579927471,68.7129911352,1958241.4663,-5505483.5171,-2548076.2769
APAT,67.5676878489,33.3981431336,212.145846388,2037836.6381,1343610.9306,5873058.224
APSH,44.4652293528,39.7346537332,222.968828523,3506372.5442,2914630.8345,4445287.7152
AREG,-16.465423319,288.507095873,2488.9079362,1942816.2352,-5804076.749,-1796884.3167
AREQ,-16.4655157147,288.507203951,2488.92603827,1942826.2687,-5804070.3514,-1796894.1312
ARHT,-77.8294365703,166.663652963,135.335737586,-1312626.532,311171.125,-6213081.924
ARMV,45.0008285664,41.130962216,209.002141874,3402748.049,2971646.0158,4487561.3078
ARSK,56.0919795029,49.8564729119,146.175986103,2299293.0318,2726291.9447,5270283.5655
ARUC,40.2857139718,44.0855858455,1222.26305506,3500416.85,3390432.738,4103027.648
ASCG,-7.91626835063,345.667321876,40.7339350907,6121154.0324,-1563981.1113,-872614.3506
ASHA,54.9867725107,57.2829163829,141.561050554,1982457.3559,3085970.3386,5200654.7172
ASTR,46.3267837192,48.023736393,-6.10287914518,2950922.6793,3280063.3266,4590400.8892
AUCK,-36.6028445921,174.834385428,132.690600179,-5105681.0516,461564.0479,-3782181.656
AVS2,55.559348096,39.1052805519,160.743946508,2805586.4647,2280467.6477,5236983.9837
BADG,51.7697053658,102.234984196,807.893581536,-838281.2458,3865775.1831,4987621.8651
BAIE,49.1868262683,291.736672756,27.4790641218,1546823.34,-3879765.13,4804185.05
BAKE,64.3178200016,263.997656453,4.40864930302,-289833.93,-2756501.06,5725162.22
BAKO,-6.49106156403,106.848885327,164.738534653,-1836968.3345,6065624.0824,-716259.3385
BAKS,43.6682534919,43.4384414265,558.929747405,3355667.4688,3177564.4536,4381888.6822
BALT,54.6387170422,19.8918472494,46.6627782406,3478767.841,1258736.54,5178249.715
BAMF,48.8353291524,234.864896266,10.6393316044,-2420721.2,-3439856.061,4778532.675
BATR,55.0668536301,47.6047433833,121.953119583,2468103.511,2703367.6612,5205748.7438
BAUT,51.1923441222,14.5217346998,211.77667402,3877545.5,1004370.9,4947148.1
BBSH,59.7579839654,43.1413671295,173.264443074,2349908.4865,2202189.9487,5487096.0114
BCOV,50.5442819715,233.15735929,37.290516898,-2435249.159,-3250218.99,4901513.135
BELE,-1.40879546644,311.537450391,9.07656329218,4228139.0476,-4772752.0834,-155761.3808
BELV,53.8084698567,36.1323793242,201.16668192,3048548.546,2225679.8448,5124347.0202
BERE,59.4319063195,56.8070708474,160.679183602,1780251.7168,2721242.6798,5468699.349
BGAA,52.3913481692,50.4763375352,61.4215133758,2482324.5128,3008767.8836,5029544.0321
BGRD,53.7552269912,38.1063705159,258.092208235,2973862.593,2332340.1192,5120891.3877
BIK0,42.8541928834,74.5331791134,744.861315914,1249005.5455,4513917.3461,4316147.9247
BILL,33.57823496,242.935390739,471.293197462,-2420422.041,-4737132.4707,3507827.6034
BLDR,51.6624166842,52.7756219113,65.7906488637,2398295.5543,3156847.7258,4979643.0781
BLRC,44.7839507166,39.8551292764,136.413324312,3481089.2416,2906013.3215,4470435.2655
BLRK,53.9476245615,58.4098453548,547.785061522,1970816.4492,3204750.195,5133757.9829
BNEU,21.6439709745,101.917187661,1011.99866186,-1224960.9797,5804226.5715,2338188.7548
BOAV,2.84518234689,299.29888507,69.4776721289,3117452.2165,-5555487.8182,314480.7389
BOGI,52.474988942,21.0352099754,139.919759032,3633815.7,1397453.9,5035280.8
BOGT,4.64007309679,285.919060449,2576.77822036,1744399.0397,-6116037.5577,512731.7532
BOR1,52.2769559595,17.0734539739,124.403465463,3738358.5958,1148173.5785,5021815.7483
BORS,53.0246319834,51.6980949991,68.5261897463,2382860.2402,3017018.1465,5072247.4776
BRAZ,-15.9474753421,312.122131017,1106.02033021,4115014.0848,-4550641.5491,-1741444.019
BREW,48.1315240355,240.317366459,238.627303084,-2112007.1404,-3705351.8421,4726827.1606
BRMG,47.9077379874,7.63287866161,261.595895599,4245557.1,568958.1,4710200.0
BRSH,53.6462991693,47.1049355532,225.572599224,2579098.1276,2775919.6264,5113687.7052
BRST,48.3804906896,355.503402332,65.7937608492,4231162.779,-332746.923,4745130.681
BRUN,4.97117900783,114.952363731,90.6686540488,-2680694.374,5761268.529,549016.773
BRUX,50.7980595665,4.35855933848,158.127708993,4027881.8468,306998.261,4919498.6524
BSHM,32.778987317,35.0229868452,225.066028706,4395951.1833,3080707.2289,3433498.2609
BTR1,55.0668536301,47.6047433833,121.953119583,2468103.511,2703367.6612,5205748.7438
BUCU,44.4639422161,26.1257361434,143.206039258,4093761.206,2007793.576,4445129.764
BUDN,44.7801934842,44.1527073846,136.053600704,3253745.6268,3158908.0961,4470138.6453
BZLK,52.773020471,52.2266705089,82.9568188926,2368611.0077,3056531.7081,5055368.2616
BZR2,46.4957874276,11.3382354086,331.201541347,4312893.0489,864794.5284,4603598.276
CAS1,-66.283358223,110.519706272,22.5516030686,-901776.221,2409383.497,-5816748.487
CCJ2,27.0675314683,142.195029141,104.226357848,-4490605.4743,3483894.7071,2884928.1885
CEBR,40.4534292132,355.632147416,775.800969359,4846664.918,-370195.2,4116929.526
CEDU,-31.8666575308,133.80983475,144.716023165,-3753473.1987,3912741.0258,-3347959.6898
CHAP,52.9560628739,49.6891016962,60.674801386,2491100.3119,2936272.2522,5067647.8123
CHB1,56.1305669227,47.2857131675,195.995448077,2416861.2372,2617817.3988,5272720.6204
CHEB,56.1305669227,47.2857131675,195.995448077,2416861.2372,2617817.3988,5272720.6204
CHKM,55.135999667,54.6357518788,167.968043894,2114994.8775,2980023.2078,5210190.6393
CHOF,35.6745495402,139.531065942,93.985733036,-3946217.0385,3366689.0388,3698972.2108
CHPG,-22.6823041915,314.997647593,571.462159462,4163480.8163,-4163822.7125,-2444516.3622
CHPI,-22.6871447125,315.01484133,617.494742336,4164613.9484,-4162456.9866,-2445028.7316
CHR1,54.3653007808,48.8404151802,77.3527768757,2451172.4835,2803940.041,5160601.6345
CHRN,45.5179201217,32.7263370481,46.7381355176,3766112.1535,2420246.4128,4527898.3121
CHTI,-43.7354765131,183.382889912,75.677540686,-4607855.7107,-272376.2074,-4386954.6774
CHU2,58.7588320134,265.910941897,-18.4166210713,-236459.63,-3307639.31,5430035.83
CHUR,58.7590783584,265.911274754,-19.5414732825,-236438.7,-3307616.7,5430049.1
CHWK,49.1566088498,237.991574315,174.011397302,-2215259.73,-3543996.83,4802098.77
CHYK,56.7637754112,54.1602427736,117.578223969,2051713.6816,2840614.5251,5311626.0368
CIBG,-6.49037545629,106.849170852,169.250478488,-1837002.3472,6065627.4278,-716184.4573
CKIS,-21.2010231942,200.199382333,18.4015399618,-5583182.5748,-2054142.8739,-2292166.2954
CKSV,22.9988516156,120.22000726,59.662928625,-2956619.0678,5075902.3471,2476625.5739
CLRS,48.8203032353,235.86911576,175.925062898,-2360829.14,-3482884.62,4777557.03
CMUM,18.760877279,98.9323799501,308.962393218,-938078.387,5968373.965,2038404.323
COCO,-12.1883399827,96.8339753189,-35.3240590123,-741951.0755,6190961.7057,-1337767.3688
CORD,-31.5284355948,295.529951743,747.065374923,2345503.9452,-4910842.9601,-3316365.5474
CPVG,16.7320463073,337.065084188,96.4594338834,5626886.6935,-2380931.8973,1824482.8927
CRCS,44.1870130071,42.0435448335,581.398879488,3402338.1788,3068164.4052,4423420.9846
CRO1,17.7568994695,295.415681367,-31.497404865,2607771.494,-5488076.997,1932768.0602
CSTL,55.3762413167,50.6601899499,92.2542802049,2302554.1884,2809186.9231,5225371.3276
CUIB,-15.5552629945,303.930133449,237.444353181,3430711.4057,-5099641.565,-1699432.9311
CUSV,13.735913854,100.533923248,74.2552893031,-1132914.9582,6092528.5384,1504633.1825
CYNE,4.82195256577,307.634586025,-22.727151053,3880932.894,-5033206.147,532565.422
CZTG,-46.4318964772,51.8554821131,202.79230447,2719994.82,3463392.63,-4598612.94
DAE2,36.39942775,127.374482925,116.824312498,-3120042.274,4084614.722,3764026.818
DAEJ,36.3994270629,127.374485087,116.854432095,-3120042.4703,4084614.6595,3764026.7745
DANI,50.3577305442,44.1194533323,127.087211573,2927112.8497,2838497.4453,4888368.9082
DANK,53.2877649276,39.1518063014,177.95145018,2963218.3902,2412594.3904,5089895.0132
DARW,-12.8436967535,131.132744208,125.098962529,-4091359.6054,4684606.4197,-1408579.1196
DAV1,-68.5773228344,77.9726137119,44.4277962167,486854.546,2285099.2924,-5914955.7136
DBRY,58.4596306338,56.4180366135,126.123245398,1849999.4782,2786375.6484,5412799.7004
DERB,42.0465344006,48.2907370695,22.6324502658,3156129.7492,3541209.565,4249458.7185
DGAR,-7.26968432587,72.3702401868,-64.7455153838,1916269.343,6029977.689,-801719.821
DJIG,11.5262875591,42.8470644424,710.968907446,4583085.826,4250982.2097,1266242.975
DLF1,51.986016072,4.38745694228,75.8250093982,3924698.1156,301124.8036,5001904.9952
DLMT,56.2569627968,62.9719889279,80.0647951765,1613726.5567,3163292.6125,5280454.809
DMD1,55.2637264116,37.8467874088,183.808151658,2876402.1709,2234930.7238,5218319.136
DMTR,52.1269043617,35.0856719685,209.086709782,3210944.461,2255490.1895,5011649.4895
DNKV,53.2374156637,39.1291907945,163.951583698,2967647.4422,2414253.1958,5086532.0206
DR2O,49.3226196391,240.375019133,541.858216106,-2059164.682,-3621108.388,4814432.366
DRAO,49.322619978,240.375018779,541.857464459,-2059164.69,-3621108.35,4814432.39
DS13,35.2477840642,243.208531492,1045.33197858,-2350842.5306,-4655599.6054,3660954.4023
DUBO,50.2588090849,264.133820708,245.261430405,-417603.6,-4064529.8,4881432.16
DUMG,-66.6651666664,140.002194444,-3.3999755634,-1940884.1352,1628468.4903,-5833719.8048
DUND,-45.8836659804,170.59717008,386.932298332,-4388120.4644,726671.3094,-4556533.5806
DYNG,38.0785533781,23.932434028,508.555624014,4595218.5637,2039433.4368,3912624.7622
EAOZ,55.8399381917,48.8124537391,106.502010382,2363885.9959,2701429.7611,5254544.1719
EBRE,40.8208851454,0.492358838561,107.791714949,4833520.364,41536.83,4147461.291
EFRM,53.1403143284,38.1124421584,215.396659245,3016852.0051,2366572.2259,5080098.0521
EKB2,56.7800280908,60.5578008629,285.310076197,1721718.0225,3050302.1183,5312758.1139
ELAN,50.944403555,43.7437892905,131.871426897,2909202.631,2784351.3792,4929752.3581
ELBA,42.7528975559,10.2110932255,271.74927601,4616534.1841,831568.3974,4307569.7601
ELBG,55.7645257482,52.0793599938,83.362805225,2210357.04,2837219.4849,5249805.8202
ELIZ,49.8730541105,232.877336954,164.671990281,-2485778.167,-3284087.075,4853826.866
ELST,46.2948920523,44.239112015,159.118290585,3162909.9317,3079999.2205,4588071.6414
ENAO,39.0912027914,331.973988502,91.5520813717,4375732.1533,-2329166.8136,4000238.2806
ENTK,47.2446524299,47.0286080977,-7.58821357973,2956754.7367,3173907.0225,4660266.2284
ERSH,51.3504473624,48.2661051058,111.519413213,2657180.1084,2978803.8038,4958074.7418
ES13,49.8717652363,8.62333748697,192.305740332,4072341.465,617580.515,4853755.6
ES14,49.8717652363,8.62333748697,192.305740332,4072341.465,617580.515,4853755.6
ES17,49.8717652363,8.62333748697,192.305740332,4072341.465,617580.515,4853755.6
ESOC,49.8717652363,8.62333748697,192.305740332,4072341.465,617580.515,4853755.6
EUR2,79.9889463365,274.062410023,28.8509326233,78804.76,-1109590.47,6259356.93
EVP2,45.1891595174,33.3670423318,38.9093255084,3760518.8429,2476502.879,4502216.2345
FAA1,-17.5553531556,210.386018124,35.4253508383,-5247394.125,-3076906.802,-1911532.689
FAIR,64.9779983283,212.50076043,319.177081822,-2281621.7717,-1453595.9493,5756961.9444
FALK,-51.6936522177,302.125932631,50.8406723617,2106811.344,-3355170.6666,-4981786.3348
FFMJ,50.0905801199,8.66497064252,178.263322342,4053455.7,617729.9,4869395.9
FLIN,54.7255842454,258.021967517,311.494407342,-766174.46,-3611375.32,5184056.22
FLRS,39.4538325362,328.873610785,79.9180120286,4221530.0272,-2549242.3485,4031397.8561
FUNC,32.6479460471,343.092383383,78.4969556062,5143339.4259,-1563412.8716,3421191.4391
GAMB,-23.130407126,225.035156592,87.7458341317,-4147131.2376,-4152223.7082,-2490041.2295
GAMG,35.5900706274,127.919660259,925.930925851,-3191606.8465,4096898.54,3691838.0622
GANP,49.0347107606,20.3229312656,746.032790104,3929181.8613,1455236.5105,4793653.7094
GCGO,64.9780580258,212.500568502,319.389056082,-2281621.6297,-1453585.1138,5756964.9518
GENO,44.4193883332,8.92114443018,155.522151148,4507892.2461,707621.5731,4441603.566
GLDR,49.6814848245,233.872726244,-10.8176658973,-2437877.22,-3339823.49,4839933.33
GLDZ,44.5529372149,38.0821387854,48.6449364005,3583489.969,2808011.574,4452116.12
GLPS,-0.742999068087,269.696329565,1.79461373016,-33801.4662,-6377516.5323,-82154.3508
GLSV,50.3641783966,30.4967393106,226.793679635,3512889.2897,2068980.6544,4888903.261
GMSD,30.5564455641,131.015563635,142.650883893,-3607665.43,4147868.225,3223717.262
GODE,39.0217282121,283.173166954,14.4813511837,1130773.4883,-4831253.5703,3994200.4626
GODN,39.0211788687,283.172904701,17.8452573121,1130760.7208,-4831298.6778,3994155.1999
GODR,39.0200302833,283.172257261,18.6459847204,1130724.5634,-4831390.2298,3994056.6378
GODS,39.0205179264,283.172675689,19.0669989316,1130752.1541,-4831349.1034,3994098.9626
GOLD,35.4251559694,243.110750047,986.67789273,-2353614.316,-4641385.3523,3676976.434
GOP6,49.9136664876,14.78560234,592.582049134,3979319.6273,1050311.9142,4857064.3557
GOPE,49.9137018448,14.7856182337,592.601970296,3979316.4389,1050312.2534,4857066.9036
GRAC,43.7544868837,6.9207628863,1319.85800729,4581708.596,556132.373,4389341.031
GRAS,43.7547431601,6.92058003471,1319.37356506,4581690.4709,556115.3357,4389361.2674
GRAZ,47.0671270885,15.4934762207,538.287897312,4194424.124,1162702.4605,4647245.193
GRZV,58.8694897694,40.2318950659,209.739331297,2523656.893,2135064.6673,5436613.9008
GUAM,13.5893299439,144.868359997,201.914003922,-5071312.6574,3568363.6347,1488904.402
GUSV,54.5923669004,22.1855746675,78.6780329514,3429515.1992,1398552.0863,5175288.1082
GYBH,58.6839633495,57.6392156354,207.761249274,1778806.0122,2807194.8391,5425899.1277
HAL1,20.7074170451,203.743757483,3072.84408494,-5466017.9454,-2404394.6546,2242210.2481
HAL2,20.7077197655,203.741476387,3046.96667451,-5466080.656,-2404162.517,2242232.463
HARB,-25.8869617397,27.7072458462,1555.02639102,5084655.1841,2670323.9736,-2768479.6949
HERS,50.8673118117,0.336268802704,76.510979129,4033470.2939,23672.7,4924301.1926
HERT,50.8674764999,0.334350056252,83.3220252348,4033461.1717,23537.5675,4924318.0386
HKSL,22.3720048137,113.927981391,95.2978440849,-2393382.416,5393861.175,2412592.411
HKWS,22.4342823654,114.335377376,63.7910526693,-2430579.011,5374285.674,2418956.333
HLFX,44.6835492908,296.388720541,3.11837838683,2018905.8,-4069070.52,4462415.41
HOB2,-42.8047052439,147.438737014,41.0329511398,-3950072.2497,2522415.3618,-4311637.4022
HOFN,64.2672889534,344.802079294,82.8679616479,2679690.3394,-727951.3266,5722789.3077
HOLB,50.6403540893,231.865003522,559.586906417,-2503040.424,-3188233.325,4908701.543
HRAG,-25.8903970718,27.6851944922,1408.73738427,5085418.8075,2668228.4797,-2768758.295
HRAO,-25.8901042865,27.686981298,1414.33341426,5085352.597,2668395.992,-2768731.551
HVRS,52.5980289015,48.9755547497,69.7942115832,2548302.1097,2928961.4572,5043553.2577
IENG,45.0151366128,7.63940757008,315.511105655,4476536.2781,600431.4924,4488760.8781
IISC,13.0211658519,77.5703759357,843.714474707,1337936.455,6070317.1261,1427876.7852
IITK,26.5214313807,80.232140833,70.2419735035,968879.6164,5628036.0058,2830901.0745
ILVL,49.2994643213,43.9784178805,48.318524777,2998776.5806,2893702.7076,4812379.1257
INCH,42.471243153,47.9434012983,-8.39050875977,3156272.2088,3498439.4015,4284353.3727
INEG,21.8561535559,257.71579658,1887.82299274,-1260435.693,-5788547.1133,2360340.0152
IQAL,63.7559640741,291.489502543,91.6963058338,1036001.02,-2631455.56,5697819.69
ISHI,36.2088321165,140.218954547,155.829871256,-3959648.7541,3296836.3371,3747005.5756
ISNG,52.1900869456,56.5820258587,182.196577814,2158020.7732,3270577.2832,5015941.3596
ISTA,41.1044450621,29.0193349672,147.313279899,4208830.726,2334850.0235,4171267.089
IVA2,55.9736851127,37.9158307855,181.631891567,2822240.6355,2198307.0151,5262953.809
IVNV,56.9723137647,41.0195045455,141.982022213,2629122.1826,2287032.8292,5324339.3216
IZMI,38.3948079995,27.081822233,74.9267343627,4456584.2746,2278765.5271,3939930.8768
IZOB,45.3829114698,41.7175959045,204.027692143,3349653.9107,2986278.5822,4517483.8394
JDPR,26.2064548281,73.0239524858,170.610025796,1671951.277,5476894.1622,2799677.3343
JFNG,30.5155657334,114.49102452,69.5441607926,-2279828.6769,5004704.9128,3219776.5954
JOG2,-7.76381409624,110.372462891,174.374733196,-2200208.0871,5924895.6273,-855929.2334
JORD,48.433064753,235.94614255,87.3644857518,-2374207.47,-3512780.21,4749027.75
JOZ2,52.09783311,21.0323465492,152.518804094,3664880.91,1409190.385,5009618.285
JOZE,52.0972767328,21.031543056,141.040705938,3664939.6857,1409153.9908,5009571.1962
JPLM,34.2048208804,241.826770907,424.038444154,-2493304.6796,-4655215.1032,3565497.5918
JPRE,-25.7320256087,28.2826355929,1387.32710904,5064032.232,2724721.054,-2752950.721
KALG,54.5164186985,36.2423846934,226.716073625,2992758.1367,2193769.4866,5170505.7518
KALI,45.4946428815,38.6509815286,29.5386521062,3497608.5728,2797203.2932,4526072.9324
KANA,55.5074152763,47.4902955265,222.762724193,2446293.4532,2668753.2072,5233762.9162
KANV,46.0616884885,38.971862007,32.3942684643,3446774.6268,2788341.4626,4570031.3407
KARA,43.7983962646,41.9108013817,872.334330195,3431914.8405,3080449.1133,4392554.6438
KARR,-20.9814225218,117.097196719,109.12697727,-2713833.2662,5303935.0985,-2269513.7479
KARS,54.2079960557,46.9830291597,158.683146966,2550496.9989,2733449.4947,5150446.5738
KAT1,-14.3759954607,132.153276719,184.290961782,-4147413.8168,4581462.5899,-1573359.0814
KDUY,59.2078589348,37.1663274023,131.479623331,2608436.2183,1977495.7451,5455938.7484
KERG,-49.3514451829,70.255496094,76.7861215891,1406340.5115,3918164.4911,-4816168.6552
KETC,47.3069150735,44.5064302926,63.9268547576,3089969.6371,3037186.457,4665015.2418
KIMR,56.8515883173,37.3487294465,142.225316476,2779106.0786,2120849.1879,5317000.0379
KIR0,67.8775732852,21.0602342395,497.961815572,2248123.5016,865686.5284,5886425.5924
KIR8,67.8775420955,21.0601775196,497.986906819,2248127.375,865685.4644,5886424.3055
KIRI,1.35458055619,172.922897222,36.196208369,-6327822.5073,785604.0532,149768.9471
KIRO,48.4783904354,44.5358116128,35.3696101625,3019516.6248,2970982.8384,4752331.5062
KIRU,67.8573504051,20.9684442954,390.919360222,2251420.932,862817.14,5885476.604
KIT3,39.1347674918,66.8854493876,622.602406309,1944944.8306,4556652.418,4004326.1235
KITG,39.1333863953,66.8867381653,618.593838721,1944879.1057,4556782.3167,4004204.6509
KIVN,54.7430889591,58.1888303465,480.323042388,1945216.0023,3135947.0273,5185319.1962
KLIN,56.3289253948,36.751015474,198.978341809,2840031.7044,2120830.6647,5285000.5232
KLNG,54.68866608,20.3818879294,40.3094283324,3463619.645,1286862.41,5181460.429
KLNS,52.7551041415,32.2336788418,221.17219983,3272322.9129,2063378.9937,5054271.8506
KLY2,54.2631086933,52.0090395505,226.868153811,2298178.8965,2942491.6272,5154087.3755
KMNM,24.4638246275,118.38857294,49.1155060884,-2761837.4371,5110347.2889,2625151.11
KMSH,50.0810409794,45.4001711341,45.8954926357,2879509.8462,2920016.1567,4868613.5523
KMUR,56.4179744751,61.9293301946,180.724880259,1664025.6342,3120286.3878,5290476.462
KOKB,22.12626377,200.335070216,1167.52157457,-5543838.3609,-2054586.6103,2387810.1225
KOKF,22.1269869257,200.335281144,1168.65288762,-5543803.4932,-2054596.9002,2387884.7414
KOKG,22.1270111908,200.335059612,1168.90165427,-5543810.7041,-2054575.1936,2387887.3246
KOKR,22.1232585848,200.334645761,1174.79180416,-5543977.437,-2054591.4415,2387504.5369
KOKT,49.094932324,45.3018134948,27.5141414814,2943246.4899,2974418.9045,4797499.2726
KOKV,22.12626377,200.335070216,1167.52157457,-5543838.3609,-2054586.6103,2387810.1225
KOS1,52.1733552687,5.81822542672,104.785121836,3899613.9607,397361.623,5014738.6348
KOSH,54.2057776754,50.4616533214,134.684450748,2380061.0935,2883311.1141,5150282.6875
KOUC,-20.5586965735,164.287334554,84.1731093908,-5751222.662,1617967.645,-2225744.218
KOUG,5.09847086722,307.360249849,107.247941636,3855263.3407,-5049731.9986,563040.4252
KOUR,5.25218012385,307.194040729,-25.7556679379,3839591.4332,-5059567.5514,579956.9164
KOZ1,55.8456523715,48.2610027957,79.7090860661,2389415.8744,2678149.3818,5254879.2164
KOZE,54.038823579,35.7593671827,194.199725876,3046154.006,2193673.2895,5139439.8153
KOZH,57.7638359327,33.957457433,225.360604296,2828815.5495,1905005.6824,5371943.9982
KOZL,55.8456523715,48.2610027957,79.7090860661,2389415.8744,2678149.3818,5254879.2164
KPOL,43.6784293565,40.2015495368,566.354150102,3529140.8186,2982518.8268,4382711.6301
KRCH,57.641210939,39.7760262989,118.239160538,2629942.6626,2189321.968,5364556.0927
KRD4,45.0530164824,38.9612277933,51.0055411654,3509537.607,2838037.4077,4491548.7429
KRDL,55.8296887027,56.9101597425,155.071058551,1960319.098,3008289.314,5253943.489
KRGA,58.2622368892,54.9323161678,171.110848927,1932390.6325,2752812.8688,5401304.3552
KRGG,-49.3515198534,70.2554741367,76.4038776085,1406339.8003,3918157.7873,-4816173.775
KRGN,55.4363842708,65.3404539166,85.4402967105,1513168.6919,3295992.653,5229167.3177
KRS1,40.588451531,43.0934433459,1811.7729188,3542999.8373,3314720.2023,4129002.5312
KRSK,51.7217579406,36.1911195627,185.894918758,3195461.1573,2337963.5394,4983830.1461
KRSP,45.9490215545,33.810550271,31.1346076755,3691123.5776,2471976.254,4561331.9652
KRTR,59.6404926422,60.3090795019,184.021938972,1600788.8346,2807515.2499,5480501.0143
KRVO,58.5918119765,49.6293695565,168.897580008,2158280.3057,2538606.1016,5420523.6068
KRVR,60.413564465,57.0831801429,143.917806082,1715682.2161,2650334.6021,5523496.8757
KSTR,57.7340373741,41.0163894248,179.309893589,2575366.7095,2240025.8103,5370134.0049
KSU1,39.1007503887,263.390515664,325.427137913,-570504.8409,-4923590.8487,4001208.4104
KTVO,50.3184108713,44.8244034095,159.638972073,2894371.0719,2876684.2402,4885602.3328
KUF1,56.6035915371,57.790045993,202.816829016,1875729.6955,2977460.9187,5301899.7782
KUML,49.8862837947,42.5779038654,90.9541954994,3032030.84,2785938.0178,4854718.7374
KUR1,51.6008356223,35.4966889038,192.316956326,3232157.0786,2305193.4316,4975489.3452
KUSH,46.5719080309,39.6270220197,36.469637434,3383078.4554,2801414.4374,4609205.5551
KVND,51.4898842475,57.3861963273,221.005135028,2144935.907,3352163.2335,4967834.703
KYCH,53.4631663936,51.4749853542,59.155918411,2370231.8175,2977120.927,5101445.5073
KYNG,57.4254440587,56.9462231408,145.367467732,1877485.5021,2885142.0953,5351679.2971
KZLR,43.8444348945,46.7310375799,-4.75856078882,3158065.8882,3354897.4154,4395638.2776
KZLU,43.1966779412,46.8706465609,67.7737464756,3183798.018,3398788.9099,4343502.5245
KZN2,55.7907826796,49.1192459943,93.6741698533,2352345.7,2717466.1,5251458.5
KZN3,55.7957602864,49.2718709922,111.465492331,2344806.0276,2723382.896,5251784.7775
LAIS,55.3990967758,49.5530426579,73.6083046179,2355038.4226,2762570.3886,5226801.3371
LAMA,53.8923974243,20.6699376027,187.048741438,3524523.267,1329693.458,5129846.189
LAMP,35.499771786,12.605652403,57.7958378261,5073165.0016,1134512.2309,3683180.9269
LAUT,-17.6088106387,177.446581806,89.6460081488,-6075194.6182,270923.8012,-1917189.1801
LCK3,26.9121910471,80.9556374004,63.5640162686,894675.9727,5620592.3888,2869571.9353
LCK4,26.9121449555,80.9556190058,64.0209393874,894678.2046,5620594.7868,2869567.5881
LDNV,53.8876163112,34.4376892675,223.372008574,3107180.7228,2130534.5593,5129561.907
LEIJ,51.3539820531,12.3741020931,178.426520573,3898736.2,855345.5,4958372.6
LENI,45.2951874647,35.77577762,46.9677182222,3646329.7683,2627473.318,4510518.9655
LICC,51.4997889501,359.825162125,88.6499647321,3978703.569,-12141.038,4968417.218
LISK,50.9865010046,39.4994866797,154.750969338,3104496.2841,2559102.5332,4932719.6494
LIVN,52.4215663527,37.6462901466,201.154582278,3086432.8262,2380848.1445,5031706.1243
LLAG,28.481665678,343.679271308,618.494320958,5384902.6,-1576770.7,3023825.9
LMMF,14.5948161699,299.003823197,-27.1085182205,2993387.307,-5399363.939,1596747.992
LNNG,54.5779319821,52.4270421685,331.304755562,2259307.8358,2936637.1384,5174562.8144
LPAL,28.7638701213,342.106170156,2199.22112397,5326646.317,-1719826.438,3052043.561
LPGS,-34.9067454152,302.067700448,29.8675453654,2780102.9896,-4437418.9149,-3629404.5253
LPZK,52.6056996285,39.5948692444,145.327189239,2991138.2044,2474033.5919,5044131.6997
LROC,46.1589393454,358.780680044,57.8505121246,4424632.789,-94175.482,4577543.851
LUB3,55.6811351209,37.8939897568,197.827331996,2844352.6037,2213788.9394,5244671.3206
MAC1,-54.4995271778,158.935829586,-6.81697146036,-3464038.8399,1334173.1904,-5169223.9258
MADR,40.4291617425,355.750340685,829.455672703,4849202.394,-360328.9929,4114913.1862
MAJU,7.11915022037,171.36451651,33.6907660905,-6257572.1845,950333.1634,785215.4422
MAL1,55.0188062632,36.48855438,239.940208518,2946583.6265,2179446.4072,5202780.6642
MAL2,-2.99605540621,40.1941427728,-20.9069360979,4865385.694,4110717.189,-331137.637
MALM,56.5129554719,50.6422547564,86.3012585603,2236935.4713,2727388.2458,5296240.5645
MAO0,20.7066398072,203.743057136,3067.70359078,-5466070.7981,-2404338.162,2242127.8998
MAR6,60.5951411393,17.2585215945,75.3712093867,2998189.7101,931451.587,5533398.4707
MAR7,60.5950522322,17.2584399085,74.2616738314,2998198.7594,931449.7113,5533392.6403
MARS,43.2787668985,5.35378376748,61.7901563263,4630532.995,433946.047,4350142.478
MAS1,27.7637398037,344.366723022,197.157548917,5439192.2651,-1522055.6288,2953454.7059
MAT1,40.649059803,16.7045423811,534.529475753,4641951.7049,1393053.398,4133280.678
MATE,40.6491294173,16.7044555667,535.660991264,4641949.8142,1393045.1637,4133287.2808
MATG,40.6490177305,16.7046404669,535.721067799,4641953.1013,1393062.4794,4133277.9092
MAW1,-67.6047665379,62.8707157784,59.1447536247,1111287.1654,2168911.2657,-5874493.6074
MAYG,-12.7820444621,45.2581543034,-13.899400549,4379106.2569,4418746.5051,-1401897.5448
MBAR,-0.601469043937,30.7378762024,1337.65328939,5482951.3876,3260442.6429,-66519.8489
MCHL,-26.3589018469,148.144961918,534.588967671,-4857858.9305,3018464.3697,-2814983.2242
MCIL,24.2900938479,153.978660808,35.6636323109,-5227188.142,2551880.364,2607617.909
MCM4,-77.8383494704,166.669329308,98.0221868781,-1311703.172,310814.982,-6213255.16
MDO1,30.6805110974,255.985006696,2004.47609226,-1329998.797,-5328393.357,3236504.141
MEDI,44.5199547081,11.646811253,50.002134799,4461400.9788,919593.3357,4449504.5479
MERS,36.5663884812,34.2558522434,38.4670285955,4239149.4932,2886967.9193,3778876.9845
MET3,60.2174521619,24.3944913801,79.0921742488,2892584.5062,1311799.2111,5512619.5572
METG,60.2419666228,24.3841746076,57.6368283033,2890651.5843,1310295.1304,5513957.1076
METS,60.2174695707,24.3953148219,94.5676832022,2892571.1204,1311843.2621,5512633.9521
MGNT,53.3607655958,58.992290615,408.546741561,1965198.3919,3269642.747,5094932.7768
MGO3,30.6766703361,255.983695048,1966.37202514,-1330165.475,-5328541.964,3236118.377
MGO4,30.6806139358,255.976030216,1883.98245837,-1330807.0534,-5328078.7372,3236452.4672
MGO5,30.6799893404,255.97608555,1885.48958001,-1330810.7863,-5328115.5692,3236393.6658
MGRB,48.9332333824,235.363692088,852.40713302,-2386335.958,-3454505.421,4786326.877
MGRM,41.612325079,48.3436841775,374.729916169,3174408.9394,3568352.3292,4213756.4861
MGUE,-35.7773507712,290.602073033,1553.71594294,1823327.9138,-4850352.4421,-3709085.5307
MHCH,42.9289643027,47.5581247882,-13.4183624033,3156452.8664,3451687.3302,4321717.8069
MHL1,50.0677491514,43.2212432256,102.516456934,2989300.461,2809226.3979,4867708.1004
MIAC,55.0634806365,60.1111864559,372.879148225,1824351.881,3174079.0533,5205739.419
MIKL,46.9727893672,31.9728278783,94.7024397366,3698554.628,2308675.267,4639770.434
MINV,44.1981650911,43.0948303311,387.100236106,3344740.2041,3129386.511,4424174.1014
MIZU,39.1351701032,141.132826474,117.00453402,-3857167.6484,3108694.9138,4004041.6876
MKEA,19.8013566028,204.543654671,3754.66092448,-5464105.317,-2495165.842,2148291.476
MLRV,48.9433497003,40.4056593886,172.875156627,3196136.8845,2720670.1083,4786553.5618
MMKV,54.6879115395,50.5131046966,117.935466786,2349698.9256,2851741.3938,5181475.2223
MOBS,-37.8294031313,144.975341056,40.5609559463,-4130636.7478,2894953.1401,-3890530.2317
MORZ,48.3496825478,41.8207843667,91.3772163223,3164863.4098,2831781.009,4742873.7442
MOZH,56.4435441696,52.213236328,163.558768685,2165296.6156,2792815.5708,5292036.5312
MQZG,-43.702736015,172.654702969,154.635233474,-4580569.492,590465.603,-4384380.1068
MRC1,38.4990996494,282.629350441,27.2002114989,1092811.8197,-4877221.9707,3948968.109
MRIB,49.4670164882,236.085923502,-7.75909073837,-2317213.95,-3446548.751,4824467.697
MRM1,68.9923631538,33.0998569386,135.095339581,1921110.8604,1252349.5791,5931793.6953
MRO1,-26.6966346584,116.637493958,354.068021077,-2556630.049,5097138.2888,-2848384.7854
MSGR,-20.4453672475,305.276594582,532.631865806,3453185.8127,-4881336.1262,-2214148.6717
MSSA,36.1403519823,138.352309809,1628.19126632,-3854398.682,3427836.654,3741739.927
MYRA,49.5509810628,234.429256604,606.015310189,-2411986.36,-3372664.01,4830998.52
MYVA,65.642300665,343.108888889,371.536868731,2524230.1758,-766492.0264,5787949.6194
MZSK,55.5063641463,36.0157896447,234.885391534,2928383.8562,2128828.655,5233706.633
NABG,78.9430906889,11.8573056438,42.7552184304,1201009.738,252157.911,6238021.904
NAGN,62.148320511,65.426290295,75.1401907075,1242445.7299,2717030.0,5616323.0582
NAIN,56.5369768572,298.311279884,32.8401517244,1671836.4219,-3103473.3257,5297671.3413
NANO,49.2948110164,235.91352184,6.55638879072,-2335726.73,-3451608.329,4812009.971
NAUR,-0.551839722029,166.92555,46.2990196785,-6212555.0461,1442786.7508,-61018.7991
NAUS,-3.0229196625,299.944983355,93.8900527656,3179409.3753,-5519130.6738,-334110.1621
NCHK,43.4984472912,43.6483216937,473.792405725,3353372.753,3198770.898,4368162.7571
NCSB,50.403052291,233.944122183,1285.68439686,-2397990.809,-3293791.229,4892476.582
NEFT,52.7977931216,51.1719472579,99.1302567441,2423101.9763,3010711.2804,5057048.4568
NEVI,57.4885679379,60.2186109513,254.842801299,1706817.554,2982517.4648,5355553.3566
NGRS,45.4534420059,34.7234061483,46.1507689469,3683682.6863,2552929.8017,4522873.738
NICO,35.1409810179,33.3964327203,191.684282061,4359417.8,2874117.0,3650778.3
NIST,39.9950742749,254.737384546,1649.06993366,-1288399.2489,-4721696.7314,4078626.4807
NIUM,-19.0765666664,190.072933333,90.1000177842,-5937159.6122,-1054675.7255,-2071390.6728
NKAY,17.7191328938,105.153157114,521.504478179,-1588774.0209,5866612.1885,1928955.1944
NKLG,0.353907724087,9.67212629108,28.4528025854,6287382.7332,1071574.167,39133.0222
NKLS,59.5452468813,45.4622696438,148.896782914,2273136.9882,2310116.0597,5475099.9755
NLIB,41.7715910031,268.425106586,207.042421478,-130934.4493,-4762291.7386,4226854.6638
NNOR,-31.0487375275,116.192715805,234.855071511,-2414151.446,4907778.504,-3270645.187
NOT1,36.8758421748,14.9897831332,126.339530068,4934546.4658,1321264.692,3806455.9209
NPRK,45.9450529854,40.7129774818,88.9701493541,3367562.6523,2897888.1613,4561066.8163
NRC1,45.4541622301,284.37617372,82.4786091158,1112777.33,-4341475.83,4522955.78
NRFM,55.3834507452,36.6986336573,220.158075364,2911835.1822,2170307.0381,5225932.5959
NRMD,-22.2283303569,166.484882639,160.383536655,-5743537.658,1380504.26,-2397897.027
NRMG,-22.2283240439,166.484885677,160.364280874,-5743537.971,1380504.0131,-2397896.3726
NSHA,47.7531682802,39.9484975845,143.370916827,3293538.0985,2758565.4215,4698574.4938
NTAG,57.9081518673,59.9519011766,219.824207265,1700894.5517,2940332.586,5380496.0628
NTKA,49.5923638062,233.38338962,-1.58591384534,-2470820.256,-3324948.07,4833520.928
NTMK,56.0871361334,54.3069817472,108.071221117,2081054.1196,2896838.087,5269951.075
NTUS,1.34580138323,103.679952783,76.0582279628,-1508022.5722,6195577.3952,148799.3912
NVMK,53.9986021801,38.3016357758,235.447040843,2948714.5114,2328891.0935,5136842.857
NVMS,44.6326001378,41.9606631941,353.817359274,3380885.0307,3039962.1455,4458634.5272
NVPK,51.0908896369,41.5751841766,143.286410698,3003008.2083,2663870.4286,4940013.189
NVSH,55.5227138048,42.2126550027,94.6782200225,2680306.5026,2431432.4831,5234621.7148
NVSL,54.8321507443,39.7603135711,151.581376296,2830429.6481,2354905.5344,5190767.5771
NYA1,78.9295521693,11.8653035704,84.1357005723,1202434.1303,252632.2212,6237772.4351
NYA2,78.9303326707,11.858638097,81.4596903054,1202379.31,252474.6543,6237786.5417
NYAL,78.9295821928,11.8650805765,78.4130313862,1202430.8186,252626.639,6237767.4626
NZRN,43.2328091041,44.7662405066,540.770527139,3304749.4079,3277892.9154,4346751.9589
OAFA,-31.5086834355,291.376731172,727.343008447,1984093.305,-5068867.986,-3314488.034
OBE4,48.0848050426,11.2778568516,650.556320528,4186704.43,834903.583,4723664.857
ODN1,55.6778151897,37.2550657395,220.133893127,2869114.9305,2182126.0672,5244481.3324
OMNT,58.6716313197,52.1671272564,233.590892742,2039124.042,2625710.8239,5425207.0713
ONS1,57.3953305829,11.9245370245,44.4128503511,3370667.1984,711818.7219,5349787.8726
ONSA,57.395296044,11.9255131038,45.5266244663,3370658.8291,711876.9374,5349786.7382
OP71,48.8358950462,2.33496366507,125.118052641,4202781.0461,171369.9921,4778660.2804
OREL,52.9800439301,36.0621287548,223.582757425,3111118.106,2265517.9978,5069385.1782
ORID,41.1273107327,20.7940480635,772.992362817,4498451.81,1708266.83,4173591.78
ORLN,44.4380259226,33.7798728257,335.35340766,3791652.8583,2536361.935,4443208.47
ORSK,51.2304837833,58.4739854648,233.836502922,2092702.0968,3411501.612,4949823.4877
OSAA,57.2807363172,55.464500316,102.978149312,1959141.8359,2846788.8108,5342949.7385
OUS2,-45.8694746054,170.510933098,26.1157194972,-4387890.8367,733420.3903,-4555176.3706
P010,45.009468108,34.4677320657,328.240325532,3724083.2923,2556404.7068,4488324.5105
P042,56.2966585487,44.0390862085,170.324837181,2550179.9122,2466044.377,5282983.8278
P043,43.8811471984,255.814294265,1489.9968505,-1128701.6968,-4465269.768,4399615.4147
P049,58.0001392974,56.3056290118,193.446785766,1879620.7482,2818972.347,5385909.9974
P051,45.8065847672,251.453889744,1080.28607111,-1416836.6606,-4223180.5002,4551062.2621
P053,48.7260870667,252.274568596,815.322022942,-1283559.8625,-4015769.7103,4771132.3867
P058,55.534882613,45.465693253,177.405716267,2537263.7104,2578847.7692,5235456.7344
P095,51.7668094018,55.0930957465,124.791021991,2263485.78,3243797.701,4986885.864
P141,52.773020471,52.2266705089,82.9568188926,2368611.0077,3056531.7081,5055368.2616
P149,56.8005420168,59.905460158,351.859402527,1755394.748,3028880.071,5314065.007
P164,59.7579839654,43.1413671295,173.264443074,2349908.4865,2202189.9487,5487096.0114
P206,56.3724627096,41.3638845916,140.031451688,2657215.8619,2339675.7886,5287637.7304
P217,61.2518687248,46.6533440642,81.5795712695,2111119.7165,2236614.0503,5568966.8179
P389,43.8119784654,239.396605172,1393.33901133,-2347409.5144,-3968716.0159,4394004.5932
P779,35.2019442309,277.127519215,878.811248978,647471.9459,-5177937.7698,3656703.2565
P802,46.5575356136,259.376610376,574.958788804,-810031.7423,-4318615.3079,4608498.0723
PADO,45.4111511591,11.896058106,64.6670993492,4388882.2591,924567.2004,4519588.518
PALM,-64.7750897956,295.948878189,31.2393825017,1192671.992,-2450887.706,-5747096.184
PARK,-32.9987598063,148.264614011,397.392028131,-4554255.2297,2816652.4564,-3454059.7151
PBDN,45.7006605342,34.4526435363,32.0388189079,3679516.1556,2524386.181,4542096.009
PBR4,11.6374416506,92.7124397365,-13.7034892607,-295669.6527,6240863.3459,1278143.5486
PCLB,53.7154195158,227.479225243,493.504551758,-2556826.997,-2788256.663,5118460.288
PDEL,37.7477466778,334.337234397,110.648954837,4551596.0624,-2186893.3724,3883410.6118
PENC,47.7896002768,19.2815244169,291.752969491,4052449.8146,1417680.9002,4701406.9117
PER1,57.9582855774,56.1266799811,108.296252564,1890593.6711,2816332.1784,5383366.0625
PERT,-31.801957928,115.885256869,12.6650178339,-2368688.0359,4881316.6955,-3341794.9736
PGC5,48.6485831632,236.549031585,3.54880833626,-2327182.86,-3522535.628,4764832.484
PGEN,6.06487199418,125.131666667,123.997982855,-3650009.8582,5187342.0942,669405.3021
PICL,51.4798085526,269.838022798,315.178638641,-11253.29,-3980586.76,4967210.29
PIE1,34.3015058083,251.881072627,2347.71088564,-1640916.928,-5014781.187,3575447.077
PIRK,54.9577788584,20.2146258055,36.3611555677,3444380.8166,1268283.7457,5198715.9565
PLS2,55.8209866649,37.0890795433,174.28579997,2864893.1176,2165843.4026,5253415.1388
PNZA,53.2029942634,44.9786236989,181.425054831,2708325.5102,2706305.3826,5084252.3129
POAL,-30.0740424334,308.880235212,76.7451296682,3467519.4023,-4300378.5347,-3177517.7301
POHN,6.95994400033,158.2101166,90.6989599867,-5879158.7658,2350291.6852,767748.2183
POHV,53.6552687361,52.1245079056,76.0721798269,2325776.9126,2990229.8461,5114159.0058
POL2,42.6797697984,74.6942640497,1714.20421202,1239971.4511,4530790.0876,4302578.795
POLV,49.6026131332,34.54292883,178.117955663,3411557.3382,2348463.8352,4834396.6426
POTS,52.379297377,13.066091317,144.417619174,3800689.6341,882077.3857,5028791.3179
POVE,-8.70933659071,296.103680217,119.59000878,2774265.6188,-5662060.1305,-959415.9862
PRD2,50.8713338705,245.70708619,1247.02303523,-1659565.9528,-3676743.5241,4925491.5718
PRD3,50.8710355077,245.706089643,1247.10346188,-1659640.5182,-3676738.1772,4925470.684
PRDS,50.8713524889,245.706504925,1247.93942126,-1659602.83,-3676725.75,4925493.59
PRHL,43.761798788,44.0252590265,233.493174106,3317613.7186,3206610.0483,4389176.5297
PRMA,46.0453681502,38.1687403267,29.3090977697,3486544.415,2740561.096,4568770.192
PRVO,57.3760505493,41.2634967429,123.172998457,2590950.7663,2273282.7912,5348696.9224
PSHM,56.9472058704,63.2411156789,83.2180972882,1569959.9964,3113542.2833,5322765.5797
PTAG,14.5353977887,121.040772961,88.4290017579,-3184320.9618,5291067.5908,1590413.98
PTAL,49.2563294444,235.139044568,92.8122872263,-2384054.01,-3422429.09,4809283.13
PTBB,52.2961912976,10.4597500131,130.253765676,3844059.7545,709661.5334,5023129.6933
PTGG,14.5354022219,121.041265408,84.9079310047,-3184364.6164,5291037.1962,1590413.5711
PTGR,44.0306354709,43.0855894377,497.734795161,3354767.034,3137753.1996,4410885.5491
PTR1,61.7501213126,34.3631660891,177.187468984,2498586.4901,1708459.5641,5595544.1934
PTRF,48.5441976568,235.587009972,170.318652766,-2390980.02,-3490240.5,4757280.5
PTTN,54.159625496,41.1306931656,182.406259112,2819218.9906,2462022.2706,5147315.0511
PTVL,-17.7494320201,168.3150185,86.4599927636,-5950573.1696,1230677.8795,-1932016.9025
QAQ1,60.7152646758,313.952237817,109.630192421,2170941.781,-2251829.5747,5539987.7237
QUAD,50.1325010433,234.669152842,-7.19966343418,-2369027.21,-3342080.39,4872243.94
QUIN,39.9745541251,239.055571365,1105.76506035,-2517231.209,-4198595.058,4076531.208
RABT,33.9981041009,353.145711387,90.1214307807,5255617.68,-631745.622,3546322.61
RAEG,36.9857016024,334.873610201,297.907032932,4618477.6066,-2166047.5562,3816304.9915
RAEV,54.0795569346,54.9308199135,119.645394612,2154686.6676,3069317.1998,5142040.6717
RDSD,18.4613977858,290.088676917,-9.14705933072,2078678.9081,-5683737.3052,2006886.9294
REDU,50.0015006286,5.14488323629,370.294158078,4091423.719,368380.653,4863179.994
REUN,-21.2082269398,55.571718426,1558.39743269,3364099.232,4907944.363,-2293466.999
REYK,64.1387820907,338.044508143,93.0175419636,2587384.3847,-1043033.8724,5716563.9211
REZH,57.3618986193,61.4137572342,186.506524118,1649908.338,3027875.567,5347900.39
RGDG,-53.7858171632,292.248496751,32.6516059376,1429872.6938,-3495336.0862,-5122721.8337
RHTA,42.6880254498,46.1420555808,1011.97084144,3253913.474,3386287.6792,4302777.0172
RIGA,56.948618704,24.0587710423,34.7158478042,3183899.344,1421478.378,5322810.736
RIO2,-53.785472186,292.248881915,32.0400117142,1429907.7834,-3495354.8119,-5122698.6553
ROAG,36.4633513443,353.793725366,83.2410833128,5105577.352,-555208.925,3769714.099
ROSH,50.183380968,39.5706279397,111.10374221,3154499.5285,2606906.2752,4875960.684
RTS2,30.6802639172,255.976714374,1885.69293629,-1330748.5875,-5328115.2705,3236419.9572
RUZA,55.687565978,36.2107972483,212.057345686,2907680.3162,2128941.8648,5245086.7253
RYZN,54.6234259479,39.754313118,150.715217322,2845259.7736,2366739.9378,5177349.275
SALU,-2.59345947261,315.787521095,18.983771788,4566947.9069,-4443098.4971,-286674.8112
SAMO,-13.8492112577,188.261579422,76.8999503404,-6129702.2728,-890029.419,-1516807.4463
SAMR,53.2287081126,50.2336383707,113.790113823,2447583.0053,2941189.8801,5085911.7774
SANT,-33.150287806,289.331446535,723.074553763,1769693.588,-5044574.184,-3468320.907
SASK,52.1962622634,253.601641965,578.574894483,-1106129.71,-3758704.03,5016675.77
SAVO,-12.9392468367,321.567746277,76.320236573,4870283.7572,-3864605.2802,-1418872.6239
SC04,48.9231693072,236.295853685,15.0908369329,-2329983.25,-3493114.85,4784960.26
SCH2,54.8320889004,293.167386232,498.186281514,1448636.93,-3385243.67,5191046.95
SCOR,70.4853390948,338.049667671,127.043425718,1982095.1481,-798820.4381,5989463.3557
SCRZ,-17.7967931419,296.840321387,438.336989641,2743003.8408,-5420742.2509,-1937116.1663
SCTB,-77.8489849809,166.758014513,-18.9229561547,-1311028.8149,308512.7599,-6213390.8791
SCUB,20.012062868,284.237684217,21.0294219432,1474538.1759,-5811243.3797,2168958.8133
SEMK,47.5207438249,40.82425074,29.9968366511,3265382.2654,2821015.094,4681077.6852
SERV,59.6040191578,60.5880988398,132.821477247,1588806.678,2818308.6649,5478401.9567
SEUS,17.4952978038,297.017392068,-6.15928354021,2764145.9952,-5420873.4401,1905182.0345
SEVR,54.1295287248,52.5029121057,144.09245243,2280041.6324,2971720.8309,5145321.7108
SEVU,60.243146416,59.9902922429,221.853143995,1587328.3659,2748257.9147,5514164.9125
SEY2,-4.67365124832,55.4794535635,538.81557795,3602867.3394,5238179.3811,-516268.0725
SEYG,-4.67873181903,55.5306305402,-37.6044256622,3597836.0544,5240883.9992,-516781.0502
SFDM,34.4598091905,241.245490074,290.772145729,-2532676.38,-4615597.869,3588781.2899
SFER,36.4643734497,353.794352769,82.4254274638,5105515.7657,-555145.6601,3769804.8319
SGOC,6.89207533353,79.8741766732,-78.4961775746,1113280.0609,6233644.2886,760276.9549
SGPO,36.604184042,262.515178742,290.16587862,-667801.1647,-5082858.388,3782394.883
SHAR,52.9236848117,54.7190243095,198.85767243,2225775.5208,3145789.7638,5065586.5618
SHGR,51.8755747889,36.9133933345,246.963867987,3155012.2514,2370003.6734,4994462.3736
SHKS,59.2287101342,38.5358050585,141.028877252,2558872.5747,2038031.2994,5457135.7145
SHL1,43.521530929,46.365817681,18.6889232527,3196497.0157,3352645.1464,4369709.5254
SHLG,25.6739433414,91.9132990202,1007.03468384,-192075.4275,5749765.3329,2746986.8087
SHMH,55.2293567223,63.2848726934,176.839957841,1638964.3654,3256575.6612,5216132.1746
SHPB,49.3475070035,233.740143701,5.72448404226,-2462314.56,-3356962.166,4815829.413
SHRY,58.3705602876,45.5113683442,137.226963335,2349718.4396,2392040.0485,5407612.765
SHUM,55.5004370452,46.4184776122,134.172902721,2496193.063,2622954.2274,5233249.8908
SHUY,59.3704375953,41.0091086348,134.508587808,2458292.8276,2137647.5746,5465191.0785
SIBA,52.7131176081,58.6582546105,372.616159385,2014172.0901,3307300.3726,5051563.0882
SIN1,1.34297992529,103.679424943,92.2315211864,-1507971.05,6195614.11,148487.87
SIZR,53.1251855987,48.4043937263,87.5031585172,2546333.3154,2868447.2573,5078985.5774
SKTV,61.6692952754,50.8307030213,144.316682182,1916795.1083,2352796.0344,5591246.2209
SLHR,66.5532203935,66.5988439389,32.2407452436,1010802.3846,2335697.1915,5828796.4183
SLNG,56.1757336672,36.9944192864,230.909555364,2842338.8625,2141421.9375,5275550.779
SLSK,46.4709775972,41.5444079698,67.5602178695,3293562.6493,2918452.0537,4601508.0514
SMLN,54.7871430539,32.0052242341,204.219458695,3125808.799,1953618.4386,5187923.13
SOCH,43.5786187984,39.787910327,130.768846664,3556218.1608,2961658.223,4374383.7863
SOD3,67.4207831176,26.3892751837,300.673316008,2200149.7578,1091650.5585,5866868.3128
SOIK,51.1799792768,54.9834315773,120.71258514,2298997.8705,3281289.3015,4946214.8991
SOLO,-9.43491625997,159.954344297,122.879345089,-5911339.9969,2156887.7661,-1038664.0988
SORC,52.3977220984,53.1816225706,122.176458563,2337233.905,3122156.7566,5030024.9742
SPT0,57.7149558731,12.8913448929,219.910277762,3328984.8157,761910.0669,5369033.4806
SPTU,-21.9291178059,309.507630386,508.783049159,3766123.3148,-4567433.4654,-2367323.8346
SRG1,53.9371126101,51.1696910778,101.80055432,2359420.7592,2931350.8513,5132708.7295
SRNK,54.1868709551,45.1946299827,153.796692172,2635903.1362,2653872.2232,5149067.018
SRPH,54.907302324,37.4063182456,150.082799612,2919329.351,2232505.976,5195580.551
SSRT,56.5170226771,60.8297733066,238.708224567,1719131.1053,3079779.8075,5296617.5497
STFU,37.4269188828,237.826719427,20.3773800079,-2700402.9701,-4292605.2954,3855138.4419
STHL,-15.9425338,354.332654552,453.287945089,6104817.308,-605827.996,-1740738.856
STJ2,47.5952321679,307.32169403,152.556122103,2612598.08,-3426832.76,4686757.09
STJ3,47.5954351446,307.32169224,154.460905219,2612588.6484,-3426820.611,4686773.7155
STJO,47.5952391637,307.322251896,152.80728798,2612631.2,-3426807.0,4686757.8
STK2,43.5286440713,141.844818759,118.563371548,-3642161.2689,2861487.8616,4370351.3311
STO1,51.2741682439,37.8411712071,158.082139097,3157577.9318,2452904.6635,4952806.3537
STPM,46.7778237918,303.83175562,0.472965643741,2436208.256,-3634804.894,4624885.452
STPN,54.8999205985,38.0647442219,212.588125099,2894039.5177,2266342.5907,5195159.2123
STR1,-35.3155258529,149.010055494,799.915028281,-4467103.1933,2683039.4751,-3666948.7458
STR2,-35.3161535193,149.010157631,802.450019314,-4467075.2351,2683011.847,-3667007.0409
STRG,55.803433815,37.3913796987,220.557592335,2854731.1149,2181926.2555,5252355.2422
STRL,53.6319648836,55.9282516701,176.09287649,2123487.8473,3139712.1025,5112701.9774
STSH,46.6335968885,38.6663158965,35.9928939193,3425682.584,2741184.23,4613916.715
STVR,45.0563461006,41.9717461014,497.438058536,3355682.1883,3018474.8132,4492126.1316
SULP,49.8355858775,24.0144834024,370.521913002,3765297.338,1677558.99,4851297.212
SUTH,-32.3802108332,20.8104623175,1799.76593401,5041274.8417,1916054.1204,-3397075.9716
SUTM,-32.3814352755,20.8109099876,1797.60080126,5041190.169,1916067.017,-3397189.514
SVCH,57.2617339353,41.8830900371,152.94026811,2574206.5117,2308332.4008,5341847.5979
SVTL,60.5328694728,29.7808710592,76.00810422,2730154.5542,1562364.0262,5529989.0907
SVTS,57.5760423382,48.9452423596,123.67098273,2251494.2583,2585054.0766,5360672.565
SYDN,-33.7808717668,151.150382369,85.5560475653,-4648240.8472,2560636.4409,-3526317.7773
SYLV,58.0307410088,56.7417489446,194.55898245,1856524.098,2830780.7072,5387716.3696
SYOG,-69.00695733,39.5837443916,50.0902165435,1766207.8686,1460290.3801,-5932297.7652
TAHB,49.8929926532,233.322397036,453.751376269,-2459291.622,-3302085.902,4855476.979
TAMB,52.6513094927,41.4494845316,149.313130835,2906481.4306,2566872.7868,5047215.627
TASH,41.3280490156,69.2955661943,439.698487188,1695945.1994,4487138.5684,4190140.6931
TBLS,45.360434445,40.1952259155,121.784164259,3429122.6606,2897343.5831,4515670.3534
TEJA,-39.8054498039,286.747158887,40.1549603101,1413829.5225,-4698485.4134,-4061440.0692
TFNO,49.1541307846,234.092152504,-2.48014185112,-2451196.1969,-3385218.4953,4801785.014
TGNR,47.2040222746,38.913826474,60.2300473321,3377783.3127,2726873.6353,4657248.3223
THRC,45.85194174,40.1280890842,112.896756607,3402664.2597,2868161.5641,4553881.5123
THTG,-17.5770602793,210.393561606,96.9443180971,-5246414.1319,-3077260.4664,-1913841.6975
THTI,-17.5771028974,210.393545274,101.171840915,-5246417.2567,-3077260.2892,-1913847.4708
THU2,76.5370517192,291.174943658,38.0244194428,538093.0701,-1389088.2234,6180981.204
TID1,-35.3991971466,148.980001228,665.306063352,-4460996.9503,2682557.08,-3674442.6275
TIDV,-35.3992051883,148.979998053,665.37192998,-4460996.4047,2682557.0885,-3674443.393
TIT2,51.035233672,6.43158128698,156.097823205,3993787.1,450204.2,4936131.8
TLSE,43.560698524,1.48089548608,208.570551465,4627852.5312,119640.443,4372994.8103
TLSG,43.5497085214,1.48503647548,208.301170479,4628684.7755,119996.7157,4372109.7032
TMRK,45.279601224,37.3797041845,64.9814172229,3572346.038,2729260.192,4509313.055
TOAY,16.0734439699,106.626757584,366.955659417,-1754220.6769,5874394.512,1754640.5704
TOLB,53.5178108833,49.4025126212,131.917732925,2473191.9469,2885778.6644,5105122.3805
TONG,-21.1447136403,184.82078803,56.2879661322,-5930303.5639,-500148.372,-2286366.2559
TOPL,-10.1710535372,311.669320906,256.554183942,4174345.6253,-4690236.7058,-1118921.4306
TOW2,-19.2692723696,147.055692219,88.096964757,-5054583.3955,3275504.1124,-2091538.4656
TRNK,58.0614329344,63.6695331151,61.668683717,1500208.0706,3031381.1438,5389412.8058
TRNZ,43.3900462626,42.9205704147,1314.34487845,3400243.2789,3161976.7101,4359995.4214
TRO1,69.6627154028,18.939641156,138.060538005,2102928.8112,721619.348,5958196.1255
TROI,45.1461313742,38.114048084,24.77455997,3545334.1587,2781301.043,4498834.7632
TRZK,54.0864580884,61.5527121651,165.233505545,1786085.1326,3296788.9797,5142528.2048
TSK2,36.1055762536,140.087115967,69.933531085,-3957184.1109,3310231.7255,3737703.9594
TSKB,36.1056802784,140.087496846,67.2570064422,-3957199.24,3310199.668,3737711.708
TUAP,44.1091379834,39.0705037736,89.603694275,3561297.9126,2891145.3542,4416869.156
TUCH,55.5973710846,36.4670905424,246.202422028,2904810.6089,2146865.8643,5239447.5242
TULA,54.1854685819,37.6219627113,194.811605282,2962770.0537,2283449.861,5149008.9353
TUM1,57.1491626071,65.5309737193,103.710101948,1436492.6961,3156616.5498,5335016.041
TVR1,56.8601552634,35.9111889904,164.148182496,2830800.2744,2050000.2603,5317539.9986
TWTF,24.9535688214,121.164507412,202.834973237,-2994429.2553,4951309.7911,2674497.743
UCAG,39.2280283805,9.11013350554,134.805077113,4885053.127,783344.9145,4012044.1077
UCAL,51.0799772051,245.866145588,1119.49609239,-1641945.5024,-3664804.0945,4940010.0943
UCLU,48.925637974,234.458359576,10.0546264164,-2440669.042,-3416437.062,4785136.849
UFAP,54.7498247568,55.9804143424,201.174994308,2064180.916,3058018.6768,5185524.059
UFPR,-25.4483685965,310.769045229,925.807273036,3763751.6791,-4365113.8289,-2724404.7151
UGLC,57.5309544235,38.3251717027,139.438105615,2692673.4045,2128466.7822,5357991.7586
UGRS,61.3296098565,63.3166088715,115.037481729,1377720.7586,2741272.1561,5573157.6309
UHT2,63.5562226905,53.6560893434,99.128524486,1687815.0596,2293994.9156,5687945.6817
ULAB,47.8650670877,107.052329995,1575.67060139,-1257408.9234,4099404.3974,4707992.6715
ULNS,54.3682951713,48.5954297321,124.185585729,2462978.0094,2793250.9803,5160833.8866
UNB3,45.9502098968,293.358293837,22.7689993307,1761288.0056,-4078238.5034,4561417.7902
UNBD,45.9501233387,293.358505377,23.1156081818,1761305.9,-4078238.57,4561411.35
UNSA,-24.7274566351,294.59235656,1257.80360718,2412830.4245,-5271936.73,-2652209.0548
URAL,56.8382760944,60.6148631888,274.953944104,1716012.9668,3047280.4653,5316300.3905
URAY,60.1166762602,64.7771704636,52.454893196,1357624.4283,2882117.3877,5507010.7898
URUM,43.8079498445,87.6006710095,858.924618604,193030.2318,4606851.332,4393311.5615
USAL,40.3349138277,18.1114852637,69.1979540186,4627542.1824,1513540.7111,4106448.0812
USCL,-33.4498456433,289.318648643,570.734363533,1762489.6096,-5027633.8168,-3496008.8249
USN7,38.9205661345,282.933723394,58.9188312227,1112162.136,-4842854.662,3985497.0649
USN8,38.9205717905,282.933725331,58.9987155423,1112162.2254,-4842854.3005,3985497.6036
USN9,38.9205680635,282.933715357,58.6736943312,1112161.3839,-4842854.501,3985497.0775
USUD,36.1331102383,138.362043604,1508.61925998,-3855263.0361,3427432.5571,3741020.2929
UTQI,71.3227547748,203.384984533,12.1149847973,-1880399.9215,-813136.6979,6019921.5735
VACS,-20.2970909989,57.4970366649,420.343132427,3215946.33,5047448.47,-2198719.6
VALD,48.0970572814,282.435834056,312.774306023,919075.83,-4167766.23,4724323.53
VARN,53.3639871184,60.9563228536,248.683250059,1851800.3458,3334738.5319,5095018.4646
VEN1,45.4305674252,12.3540738968,60.397847834,4379846.8268,959292.0,4521100.1253
VESH,49.6242702056,41.751785681,85.8790141353,3088475.9483,2756743.1153,4835887.1357
VILL,40.4435919042,356.048019037,647.358643167,4849833.7962,-335049.1807,4116014.8247
VIS0,57.6538672707,18.3673123211,79.7691917019,3246470.5568,1077900.3114,5365277.8949
VKAV,43.0477805008,44.6706807632,686.982859686,3320284.5425,3282334.2199,4331851.2797
VLDK,47.4942944597,42.1725112479,69.2436019694,3199728.075,2898540.1705,4679120.2125
VLDR,46.403952629,48.5434653233,-13.2592224162,2916934.7777,3302039.1836,4596314.9944
VLGR,48.7331750184,44.5045740156,119.21133686,3006016.7474,2954476.1854,4771129.1393
VLKL,56.0320752664,35.9555616546,209.671809678,2891434.878,2097325.9718,5266612.3601
VLLK,56.3484710988,30.5542401635,130.668548018,3050774.614,1800935.9164,5286150.0242
VNDP,34.5563219923,239.38354188,-11.8225820856,-2678090.3506,-4525436.1477,3597432.5601
VNGD,58.4934905015,31.1767575918,44.2860748097,2858771.5232,1729748.9408,5414701.8935
VOIM,-21.906301209,46.7932680004,1163.37785787,4054014.146,4316070.229,-2365224.017
VOLO,59.211310124,39.8853355421,147.70318424,2511444.4481,2098801.5665,5456149.4933
VRNV,55.3009033486,37.2175413753,223.740268088,2898081.9995,2201162.7431,5220709.2531
VSKR,55.3259427836,38.6811445541,143.824095984,2839089.6638,2273006.1294,5222229.985
VTUL,68.6076823311,31.783276577,95.7359156227,1983373.7392,1228942.51,5916239.5308
VUST,60.7828038804,46.3152964991,94.0434303954,2155863.1969,2257188.1261,5543651.4374
WAB2,46.9237488271,7.46425431068,611.212536199,4327318.2325,566955.9585,4636425.9246
WARK,-36.4344143241,174.662779315,111.281788339,-5115332.9899,477886.9343,-3767147.7796
WARN,54.1697900018,12.1014287715,50.7373095835,3658785.6,784471.1,5147870.7
WGTN,-41.3234569989,174.805894172,26.0528416485,-4777269.408,434270.0582,-4189484.5465
WHIT,60.7505128117,224.777888424,1427.3655989,-2218337.85,-2201205.06,5543057.57
WILL,52.2368685814,237.832189539,1095.65745274,-2084258.016,-3313872.98,5019853.081
WIND,-22.574920442,17.0894317066,1734.67522584,5633708.7802,1732017.696,-2433985.8026
WOSB,50.1607337526,233.429638662,945.374660399,-2439695.67,-3288605.67,4874987.8
WROC,51.1132581267,17.0620359041,180.817973659,3835751.6257,1177249.7445,4941605.054
WSLB,50.1265399872,237.078811393,909.243411562,-2227013.61,-3439649.1,4872522.22
WSRT,52.9146082446,6.60450167872,82.2804505629,3828736.1392,443304.7363,5064884.5236
WTZ2,49.1447862073,12.8786256538,663.40471554,4075535.3,931822.185,4801608.915
WTZ3,49.1448024875,12.8786330945,661.862201431,4075532.8602,931822.1841,4801608.9328
WTZA,49.1442214832,12.8789159187,666.717686885,4075579.0046,931853.9041,4801570.3328
WTZR,49.1441956101,12.8789058195,666.083565536,4075580.8863,931853.5784,4801567.9707
WTZS,49.1447861632,12.8786256896,663.359647819,4075535.2743,931822.1818,4801608.8777
WTZZ,49.1442251656,12.8789023469,665.897015035,4075578.4,931852.75,4801569.98
WUH2,30.53164932,114.357259322,25.1261821128,-2267749.0,5009154.0,3221290.0
WUHN,30.5278193016,114.356564227,80.8041590936,-2267796.9641,5009421.6975,3220952.5436
WUTH,77.0025147036,15.5385869442,53.2170779724,1386490.0386,385513.4785,6192888.2659
XMIS,-10.4499591197,105.688504322,261.515010021,-1696344.7528,6039590.0108,-1149275.0818
YADR,55.9475723771,46.1991711795,94.5082595414,2477725.3408,2583673.2796,5261254.1134
YALT,44.5093704889,34.1635882548,111.343677642,3769853.553,2558489.086,4448708.87
YAR2,-29.0465468473,115.346982744,241.269988177,-2389026.6091,5043317.0543,-3078529.5527
YAR3,-29.0464876784,115.347157189,242.439997743,-2389043.7652,5043313.5826,-3078524.3873
YARR,-29.0465817643,115.346979806,241.341973756,-2389025.573,5043315.5355,-3078532.9711
YDR1,55.9475723771,46.1991711795,94.5082595414,2477725.3408,2583673.2796,5261254.1134
YEBE,40.5248975905,356.91137058,972.75755502,4848724.905,-261632.493,4123093.901
YEL2,62.4813211382,245.519153575,180.958200183,-1224441.9728,-2689174.6284,5633660.3319
YEL3,62.4804857852,245.518758968,180.379721739,-1224494.6,-2689241.1,5633616.8
YELL,62.4808954103,245.519301992,180.723683904,-1224452.4,-2689216.0,5633638.2
YKRO,6.8705602811,354.759907031,270.183159509,6306439.897,-578380.783,757956.481
YRSL,57.6282476072,39.9505703155,118.404899428,2624195.9115,2198106.6885,5363783.3619
YRUP,50.7985664712,42.008705466,107.417874616,3001514.3296,2703401.5316,4919494.9984
ZAMB,-15.4255385894,28.3110146368,1324.91960418,5415352.9566,2917210.1635,-1685888.6292
ZAOK,54.7337732928,37.3985869787,262.421038737,2932225.6495,2241741.2061,5184542.5638
ZDN1,52.3882301094,38.920399306,155.45794111,3034995.3427,2450717.1374,5029406.7766
ZDNK,52.3882301826,38.9203992035,155.460756348,3034995.3434,2450717.129,5029406.7838
ZECK,43.7884001023,41.5650700255,1163.72709648,3451172.7087,3060334.0726,4391954.4612
ZHIG,53.4036439376,49.5061670811,77.8403958874,2474575.6472,2897987.396,5097513.8715
ZIM2,46.8770907902,7.46502705613,956.451051597,4331300.16,567537.081,4633133.51
ZIM3,46.8770907902,7.46502705613,956.451051597,4331300.16,567537.081,4633133.51
ZIMM,46.8770946057,7.4652731952,956.35242741,4331297.348,567555.639,4633133.728
